Column1,capacity,Diameter,Column2,Column3,,,
1,988.8017763,300,0,,,,
8,1602.258337,500,1602.258337,1,,,11776.77826
4,1908.986618,600,0,,,,
5,2369.079038,750,,1,,,
2,2829.171459,900,0,,,,
3,3289.263879,1050,0,,,,
6,3749.3563,1200,0,,,,
7,4056.084581,1300,0,,,,
,,,1602.258337,,,,
